sku,status,brand_slug,product_line,barcode,price_eur,compare_price_eur,cost_eur,volume_ml,weight_grams,shelf_life_months,origin_country,hs_code,audience_category,inci_list,is_featured,is_bestseller,is_available_for_ai,hide_from_search,launched_at,name_en,slug_en,short_description_en,description_en,how_to_use_en,warnings_en,seo_title_en,seo_description_en,name_nl,slug_nl,short_description_nl,description_nl,how_to_use_nl,warnings_nl,seo_title_nl,seo_description_nl,name_fr,slug_fr,short_description_fr,description_fr,how_to_use_fr,warnings_fr,seo_title_fr,seo_description_fr,name_ru,slug_ru,short_description_ru,description_ru,how_to_use_ru,warnings_ru,seo_title_ru,seo_description_ru,category_slugs,ingredient_slugs,benefit_slugs,skin_type_slugs,concern_slugs
YUR-8809085104847,DRAFT,yur,Yu.R PRO,8809085104847,0.00,,,,30,36,KR,3304991000,UNISEX,"Water, Glycerin, Cetearyl Alcohol, Caprylic/Capric Triglyceride, Butylene Glycol, Isopropyl Myristate, Stearic Acid, 1,2-Hexanediol, Dimethicone, Synthetic Beeswax, Simmondsia Chinensis (Jojoba) Seed Oil, Glyceryl Glucoside, Cetearyl Glucoside, Polyacrylate-13, Glyceryl Stearate, PEG-100 Stearate, Polyisobutene, Caprylyl Glycol, Sodium Hyaluronate, Allantoin, Tremella Fuciformis (Mushroom) Extract, Propanediol, Adenosine, Disodium EDTA, Polysorbate 20, Portulaca Oleracea Extract, Hamamelis Virginiana (Witch Hazel) Bark/Leaf/Twig Extract, Tocopheryl Acetate, Illicium Verum (Anise) Fruit Extract, Glycine, Citrus Aurantium Dulcis (Orange) Oil, Limonene, Citrus Grandis (Grapefruit) Peel Oil, Tremella fuciformis Sporocarp Extract, Nelumbo Nucifera Callus Culture Extract, Glutamic Acid, Lysine, Leucine, Methionine, Valine, Serine, Cysteine, Aspartic Acid, Alanine, Arginine, Isoleucine, Tyrosine, Threonine, Phenylalanine, Proline, Histidine, Ethylhexylglycerin, Glycine Soja (Soybean) Oil, Lecithin, Sodium Phosphate, Acetyl Hexapeptide-8, Copper Tripeptide-1, Sodium Ascorbyl Phosphate, Palmitoyl Pentapeptide-4, Oligopeptide-1, sh-Oligopeptide-1, sh-Oligopeptide-2.",false,false,true,false,,Eye defence cream,eye-defence-cream,"Silky lightweight eye cream smooths wrinkles, reduces puffiness and dark circles, and leaves skin visibly firmer and refreshed.","<p>Cream for the eye area with a light silky texture. It strengthens the skin, slows down the aging process, reduces wrinkles, has a softening and lifting effect, helps to reduce puffiness and dark circles under the eyes.</p>","<p>Take an appropriate amount during the eye cream application stage and gently spread it around the eyes and mouth, as well as any other areas with wrinkles.</p>","Keep out of reach of children. 
Do not swallow. 
Avoid direct contact with eyes.",Eye defence cream — YU.R Skin Solution,"Silky lightweight eye cream smooths wrinkles, reduces puffiness and dark circles, and leaves skin visibly firmer and refreshed.",,,,,,,,,,,,,,,,,,,,,,,,,cream,sodium-hyaluronate;acetyl-hexapeptide-8;copper-tripeptide-1;sodium-ascorbyl-phosphate,,,
YUR-8809085104861,DRAFT,yur,Yu.R PRO,8809085104861,0.00,,,,60,36,KR,3304991000,UNISEX,"Water, Glycerin, Cetearyl Alcohol, Butylene Glycol, Caprylic/Capric Triglyceride, Stearic Acid, 1,2-Hexanediol, Cetyl Alcohol, Isopropyl Myristate, Dimethicone, Macadamia Ternifolia Seed Oil, Squalane, Synthetic Beeswax, Simmondsia Chinensis (Jojoba) Seed Oil, Cyclopentasiloxane, Glyceryl Glucoside, Cyclohexasiloxane, Cetearyl Glucoside, Trehalose, Glyceryl Stearate, PEG-100 Stearate, Caprylyl Glycol, Sodium Hyaluronate, Allantoin, Tocopheryl Acetate, Polyacrylate-13, Tremella Fuciformis (Mushroom) Extract, Glycine, Polyisobutene, Propanediol, Adenosine, Disodium EDTA, Portulaca Oleracea Extract, Centella Asiatica Extract, Hamamelis Virginiana (Witch Hazel) Bark/Leaf/Twig Extract, Xanthan Gum, Polysorbate 20, Illicium Verum (Anise) Fruit Extract, Citrus Aurantium Dulcis (Orange) Oil, Limonene, Citrus Grandis (Grapefruit) Peel Oil, Nelumbo Nucifera Callus Culture Extract, Glutamic Acid, Lysine, Leucine, Methionine, Valine, Serine, Cysteine, Aspartic Acid, Alanine, Arginine, Isoleucine, Tyrosine, Threonine, Phenylalanine, Proline, Histidine, Tremella fuciformis Sporocarp Extract, Beta-Glucan, Ethylhexylglycerin, Glycine Soja (Soybean) Oil, Lecithin, Sodium Phosphate, Tripeptide-29, Acetyl Hexapeptide-8, Copper Tripeptide-1, Hexapeptide-9, Sodium Ascorbyl Phosphate, Palmitoyl Pentapeptide-4, Oligopeptide-1, sh-Oligopeptide-1, sh-Oligopeptide-2.",false,false,true,false,,Bio revitalizing cream,bio-revitalizing-cream,"Advanced rejuvenating cream with growth factors and peptides boosts firmness, restores hydration balance, and stimulates collagen for smoother, renewed skin.","<p>Rejuvenating cream with EGF (epidermal growth factor), IGF (insulin-like growth factor) and 6 peptides. Increases tone and turgor, restores the skin's hydrolipidic balance, stimulates the synthesis of collagen, elastin and hyaluronic acid. Promotes skin regeneration. Smoothes wrinkles.</p>","<p>At the final step of your skincare routine, take an appropriate amount and apply it gently to your skin, allowing it to absorb.</p>","Keep out of reach of children. 
Do not swallow. 
Avoid direct contact with eyes.",Bio revitalizing cream — YU.R Skin Solution,"Advanced rejuvenating cream with growth factors and peptides boosts firmness, restores hydration balance, and stimulates collagen for smoother, renewed skin.",,,,,,,,,,,,,,,,,,,,,,,,,cream,sodium-hyaluronate;squalane;centella-asiatica-extract;acetyl-hexapeptide-8;copper-tripeptide-1,,,
YUR-8809085104885,DRAFT,yur,Yu.R PRO,8809085104885,0.00,,,120,,36,KR,3304991000,UNISEX,"Water, Glycerin, Butylene Glycol, Cyclopentasiloxane, Cyclohexasiloxane, Dimethicone, Alcohol Denat., Glyceryl Glucoside, Lauryl PEG-9 Polydimethylsiloxyethyl Dimethicone, Dipropylene Glycol, Hydroxyacetophenone, Caprylyl Glycol, Sodium Hyaluronate, Citrus Aurantium Bergamia (Bergamot) Fruit Oil, Octyldodecanol, Limonene, Hydrogenated Lecithin, Allantoin, Tocopheryl Acetate, Tremella Fuciformis (Mushroom) Extract, Ceramide NP, Linalool, Dipotassium Glycyrrhizate, 1,2-Hexanediol, Citral, Portulaca Oleracea Extract, Centella Asiatica Extract, Arginine, Tocopherol, Tremella fuciformis Sporocarp Extract, Geraniol, Glycine Soja (Soybean) Oil, Lecithin, Sodium Phosphate, Disodium EDTA, Sodium Ascorbyl Phosphate, sh-Oligopeptide-1, sh-Oligopeptide-2.",false,false,true,false,,Ceramide moisture dew,ceramide-moisture-dew,"Lightweight lotion deeply hydrates, restores balance, and improves skin elasticity.","<p>The lotion has a light consistency, quickly absorbed, deeply moisturizes and refreshes the skin. It restores the skin's hydrolipidic balance, improves skin structure, increases its elasticity, plant extracts have anti-inflammatory and antibacterial effects.</p>","<p>In the morning and evening, after toning the skin, apply an appropriate amount all over the face and pat gently to promote absorption.</p>","Keep out of reach of children. 
Do not swallow. 
Avoid direct contact with eyes.",Ceramide moisture dew — YU.R Skin Solution,"Lightweight lotion deeply hydrates, restores balance, and improves skin elasticity.",,,,,,,,,,,,,,,,,,,,,,,,,lotion,sodium-hyaluronate;ceramide-np;centella-asiatica-extract;sodium-ascorbyl-phosphate;sh-oligopeptide-1,,,
YUR-8809085104922,DRAFT,yur,Yu.R PRO,8809085104922,0.00,,,,60,36,KR,3304991000,UNISEX,"Water, Cetearyl Alcohol, Butylene Glycol, Glycerin, Stearic Acid, Cyclopentasiloxane, 1,2-Hexanediol, Dimethicone, Cetyl Alcohol, Olea Europaea (Olive) Fruit Oil, Cyclohexasiloxane, Beta-Glucan, Glyceryl Glucoside, Glyceryl Stearate, Sodium Hyaluronate, Argania Spinosa Kernel Oil, Trehalose, PEG-100 Stearate, Simmondsia Chinensis (Jojoba) Seed Oil, Cetearyl Glucoside, Caprylyl Glycol, Allantoin, Tocopheryl Acetate, Polyacrylate-13, Tremella Fuciformis (Mushroom) Extract, Glycine, Citrus Aurantium Dulcis (Orange) Oil, Limonene, Citrus Grandis (Grapefruit) Peel Oil, Polyisobutene, Propanediol, Polysorbate 20, Snail Secretion Filtrate, Lactobacillus/Soybean Ferment Extract, Bifida Ferment Filtrate, Galactomyces Ferment Filtrate, Hydrolyzed Collagen Extract, Lactobacillus/Rice Ferment Filtrate, Helianthus Annuus (Sunflower) Seed Oil, Illicium Verum (Anise) Fruit Extract, Glutamic Acid, Lysine, Leucine, Methionine, Valine, Serine, Cysteine, Aspartic Acid, Alanine, Arginine, Isoleucine, Tyrosine, Threonine, Phenylalanine, Proline, Histidine, Tremella fuciformis Sporocarp Extract, Tocopherol.",false,false,true,false,,Pure moisturizing cream,pure-moisturizing-cream,"Lightweight moisturizer for dry, dehydrated skin deeply hydrates and revitalizes, leaving it soft, smooth, and refreshed.","<p>Designed for deep moisturizing of dry and dehydrated skin. The product has a light, delicate texture, quickly absorbed, delivering active ingredients to the deep layers of the skin. Plant extracts soothe, moisturize and revitalize the skin.</p>","<p>At the final step of your skincare routine, take an appropriate amount and apply it gently to your skin, allowing it to absorb.</p>","Keep out of reach of children. 
Do not swallow. 
Avoid direct contact with eyes.",Pure moisturizing cream — YU.R Skin Solution,"Lightweight moisturizer for dry, dehydrated skin deeply hydrates and revitalizes, leaving it soft, smooth, and refreshed.",,,,,,,,,,,,,,,,,,,,,,,,,cream,sodium-hyaluronate;snail-secretion-filtrate;galactomyces-ferment-filtrate;bifida-ferment-filtrate;hydrolyzed-collagen,,,
YUR-8809085104786,DRAFT,yur,Yu.R PRO,8809085104786,0.00,,,200,,36,,,UNISEX,"Water, Ammonium Lauryl Sulfate, Glycerin, Lauramidopropyl Betaine, Centella Asiatica Extract, Camellia Sinensis Leaf Extract, Acrylates/C10-30 Alkyl Acrylate Crosspolymer, Glyceryl Caprylate, Sodium Chloride, Sodium Hydroxide, Caprylyl Glycol, Fragrance, 1,2-Hexanediol, Propanediol, Camellia Japonica Flower Extract, Butyl Avocadate, Pueraria Lobata Root Extract, Ulmus Davidiana Root Extract, Oenothera Biennis (Evening Primrose) Flower Extract, Pinus Palustris Leaf Extract, Capryloyl Glycine, Hexylene Glycol, Illicium Verum (Anise) Fruit Extract, Sarcosine, Cinnamomum Zeylanicum Bark Extract.",false,false,true,false,,Repair solution foam cleanser,repair-solution-foam-cleanser,"Gently cleanses skin and removes makeup without disrupting its natural balance. Hydrates, soothes, and promotes a smoother, more even complexion.","<p>Effectively and gently cleanses the skin of impurities and make-up. Does not disturb the acid-base balance or damage the skin's lipid barrier. Does not cause irritation or tightness. When used daily, it promotes cell renewal and evens out skin tone. Moisturises, nourishes and soothes.</p>","<p>After rinsing your face with lukewarm water, take an appropriate amount of the product onto your palm and lather it well. Then rinse thoroughly with water.</p>","Keep out of reach of children. 
Do not swallow. 
Avoid direct contact with eyes.",Repair solution foam cleanser — YU.R Skin Solution,"Gently cleanses skin and removes makeup without disrupting its natural balance. Hydrates, soothes, and promotes a smoother, more even complexion.",,,,,,,,,,,,,,,,,,,,,,,,,cleansing-foam,centella-asiatica-extract;camellia-sinensis-leaf-extract;camellia-japonica-flower-extract;butyl-avocadate;capryloyl-glycine,,,
YUR-8809085104953,DRAFT,yur,Yu.R PRO,8809085104953,0.00,,,150,,36,KR,3401300000,UNISEX,"Water, PEG-8, Myristic Acid, Stearic Acid, Glycerin, Potassium Hydroxide, Lauric Acid, Cocamidopropyl Betaine, PEG-40 Stearate, Glyceryl Glucoside, 1,2-Hexanediol, Glyceryl Stearate SE, Phaseolus Radiatus Seed Extract, Camellia Sinensis Leaf Extract, Oryza Sativa (Rice) Extract, Allantoin, Fragrance, Scutellaria Baicalensis Root Extract, Tremella Fuciformis (Mushroom) Extract, Rosmarinus Officinalis (Rosemary) Leaf Extract, Chamomilla Recutita (Matricaria) Extract, Gentiana Lutea Root Extract, Lavandula Angustifolia (Lavender) Extract, Rosmarinus Officinalis (Rosemary) Extract, Butylene Glycol, Achillea Millefolium Extract, Thymus Vulgaris (Thyme) Extract, Artemisia Absinthium Extract, Arnica Montana Flower Extract, Origanum Vulgare Flower/Leaf/Stem Extract, Trichosanthes Kirilowii Root Extract, Broussonetia Kazinoki Root Extract, Amomum Xanthioides Seed Extract, Cimicifuga Racemosa Root Extract, Eugenia Caryophyllus (Clove) Flower Extract, Bletilla Striata Root Extract, Angelica Dahurica Root Extract, Tremella fuciformis Sporocarp Extract.",false,false,true,false,,Perfect moisture foam cleanser,perfect-moisture-foam-cleanser,"Hydrating cleansing foam gently removes makeup, preserves skin balance, and leaves skin fresh and moisturized.","<p>Moisturizing foam for washing, enriched with plant extracts. Cleanses the skin from makeup and impurities without causing irritation. Prevents the destruction of the hydrolipidic layer, preserves the pH balance, increases the protective properties of the skin without leaving a feeling of tightness. Moisturizes the skin, creates a feeling of freshness and comfort.</p>","<p>After rinsing your face with lukewarm water, take an appropriate amount of the product on your palm and lather it up well. Then, rinse thoroughly with water.</p>","Keep out of reach of children. 
Do not swallow. 
Avoid direct contact with eyes.",Perfect moisture foam cleanser — YU.R Skin Solution,"Hydrating cleansing foam gently removes makeup, preserves skin balance, and leaves skin fresh and moisturized.",,,,,,,,,,,,,,,,,,,,,,,,,cleansing-foam,camellia-sinensis-leaf-extract;scutellaria-baicalensis-root-extract;tremella-fuciformis-extract;oryza-sativa-extract;chamomilla-recutita-extract,,,
YUR-8809085104823,DRAFT,yur,Yu.R PRO,8809085104823,0.00,,,100,,36,KR,3304991000,UNISEX,"Water, PEG-8, Cellulose, Glycerin, 1,2-Hexanediol, Bambusa Arundinacea Stem Powder, Glyceryl Glucoside, Arginine, PEG-60 Hydrogenated Castor Oil, Carbomer, Caprylyl Glycol, Propanediol, Citrus Aurantium Dulcis (Orange) Oil, Citrus Limon (Lemon) Fruit Oil, Diospyros Kaki Leaf Extract, Disodium EDTA, Portulaca Oleracea Extract, Luffa Cylindrica Fruit Extract, Artemisia Vulgaris Extract, Albumen Extract, Hamamelis Virginiana (Witch Hazel) Bark/Leaf/Twig Extract, Prunus Armeniaca (Apricot) Kernel Oil, Bambusa Arundinacea Stem Extract, Illicium Verum (Anise) Fruit Extract, Centella Asiatica Extract, Ascorbyl Glucoside, Tremella Fuciformis (Mushroom) Extract, Velvet Extract, Prunus Armeniaca (Apricot) Kernel Extract, Citrus Aurantifolia (Lime) Oil, Citrus Grandis (Grapefruit) Peel Oil, Butylene Glycol, Pearl Powder, Lactobacillus, Tremella fuciformis Sporocarp Extract, Nephrite Powder, Limonene.",false,false,true,false,,Vitamin C peeling gel,vitamin-c-peeling-gel,"Gentle peeling gel exfoliates, evens tone, and restores a fresh, radiant glow","<p>The gel effectively and gently cleanses the skin, removing keratinized epidermis cells and eliminates flakiness, evens skin tone, reduces pigmentation, has a vasodilating effect. Fills dull and dull skin that has lost elasticity with freshness and healthy glow. The creamy peeling rolls on the skin with a gentle, abrasive effect.</p>","<p>After cleansing, apply an appropriate amount onto a dry face, avoiding the eye and mouth areas, and massage the entire face. Rinse off with lukewarm water.</p>","Keep out of reach of children. 
Do not swallow. 
Avoid direct contact with eyes.",Vitamin C peeling gel — YU.R Skin Solution,"Gentle peeling gel exfoliates, evens tone, and restores a fresh, radiant glow",,,,,,,,,,,,,,,,,,,,,,,,,peeling-gel,centella-asiatica-extract;ascorbyl-glucoside;pearl-powder;lactobacillus;tremella-fuciformis-extract,,,
YUR-8809085104939,DRAFT,yur,Yu.R PRO,8809085104939,0.00,,,,100,36,KR,3304991000,UNISEX,"Water, Kaolin, Sorbitol, Glycerin, Caprylic/Capric Triglyceride, Bentonite, Acrylates Copolymer, Polyglyceryl-6 Stearate, Cetearyl Alcohol, Titanium Dioxide, 1,2-Hexanediol, Propanediol, Polyvinyl Alcohol, Butylene Glycol, Polyglyceryl-6 Behenate, Sodium Hydroxide, Xanthan Gum, CI 77492, Illicium Verum (Anise) Fruit Extract, Fragrance, Scutellaria Baicalensis Root Extract, Triethoxycaprylylsilane, Hamamelis Virginiana (Witch Hazel) Bark/Leaf/Twig Extract, Hydrolyzed Collagen, Snail Secretion Filtrate, Phenoxyethanol.",false,false,true,false,,Cream mask collagen,cream-mask-collagen,"Cream mask strengthens skin, improves firmness and elasticity, and smooths fine lines for a more refined, even texture.","<p>Cream mask to strengthen the skin, has a drying effect, improves skin elasticity and firmness, the components of the mask prevent thinning of the skin, improve its structure, contribute to the smoothing of fine lines and wrinkles.</p>","<p>Apply the cream evenly all over the face like a mask pack. Leave it on for about 5 minutes, then rinse off the cream with water.</p>","Keep out of reach of children. 
Do not swallow. 
Avoid direct contact with eyes.",Cream mask collagen — YU.R Skin Solution,"Cream mask strengthens skin, improves firmness and elasticity, and smooths fine lines for a more refined, even texture.",,,,,,,,,,,,,,,,,,,,,,,,,cream-mask,kaolin;bentonite;hydrolyzed-collagen;snail-secretion-filtrate;scutellaria-baicalensis-root-extract,,,
YUR-8809085107596,DRAFT,yur,,8809085107596,0.00,,,50,,36,KR,3304992000,UNISEX,"Water, Zinc Oxide, C12-15 Alkyl Benzoate, Propylene Glycol Dicaprylate/Dicaprate, Butylene Glycol, Isoamyl P-Methoxycinnamate, Titanium Dioxide, Caprylyl Methicone, Diphenylsiloxy Phenyl Trimethicone, Polyglyceryl-2 Dipolyhydroxystearate, Bis-Ethylhexyloxyphenol Methoxyphenyl Triazine, Isododecane, Diethylamino Hydroxybenzoyl Hexyl Benzoate, Niacinamide, Polysilicone-15, Trimethylsiloxysilicate, Euphorbia Cerifera Wax, Undecane, 1,2-Hexanediol, Polyhydroxystearic Acid, Sorbitan Olivate, Vinyl Dimethicone/Methicone Silsesquioxane Crosspolymer, Magnesium Sulfate, Polyglyceryl-3 Polyricinoleate, Dimethicone, Synthetic Beeswax, Tridecane, Triethoxycaprylylsilane, Trihydroxystearin, Dipropylene Glycol, Hydroxyacetophenone, Disteardimonium Hectorite, Dimethicone/Vinyl Dimethicone Crosspolymer, Caprylyl Glycol, Parfum (Fragrance), Propylene Carbonate, Polyglyceryl-3 Ricinoleate, Adenosine, Disodium EDTA, Dipotassium Glycyrrhizate, Hydrolyzed Collagen, Tocopherol, Hydrolyzed Hyaluronic Acid, Helianthus Annuus Seed Oil, Phenoxyethanol, Acetyl Hexapeptide-8, Ethylhexylglycerin, Copper Tripeptide-1, Palmitoyl Pentapeptide-4, Oligopeptide-1 [May Contain +/-]:  CI 77492, CI 77499, CI 77491.",false,false,true,false,,DD cream light,dd-cream-light,"All-in-one tinting cream with SPF that hydrates, evens skin tone, and provides light coverage. Delivers anti-aging care, smooths fine lines, and enhances a fresh, radiant look.","<p>A universal tinting product with an extended spectrum of action works according to the Dynamic Do-All principle: moisturizes and tones, protects against UV radiation and camouflages.</p><p>The main difference between DD cream and other products in the BB and CC category is that it has anti-aging and skin rejuvenating properties. It fights fine lines and wrinkles, gives the skin elasticity, youthfulness and makes it radiant. The cream has an enhanced component composition and high caring ability, excellent nourishing properties and light texture.</p><p>Light tone - light, not whitening.</p>","<p>During the final step of your skincare routine, apply an appropriate amount of the product onto your face, gently spreading it to match your skin texture. For areas that require extra coverage, apply an additional layer.</p>","Keep out of reach of children. 
Do not swallow. 
Avoid direct contact with eyes. 
Take the Sun with responsibility.",DD cream light — YU.R Skin Solution,"All-in-one tinting cream with SPF that hydrates, evens skin tone, and provides light coverage. Delivers anti-aging care, smooths fine lines, and enhances a fres",,,,,,,,,,,,,,,,,,,,,,,,,dd-cream,zinc-oxide;niacinamide;adenosine;hydrolyzed-hyaluronic-acid;acetyl-hexapeptide-8,,,
YUR-8809085107602,DRAFT,yur,,8809085107602,0.00,,,50,,36,KR,3304992000,UNISEX,"Water, Zinc Oxide, C12-15 Alkyl Benzoate, Propylene Glycol Dicaprylate/Dicaprate, Butylene Glycol, Isoamyl P-Methoxycinnamate, Titanium Dioxide, Caprylyl Methicone, Diphenylsiloxy Phenyl Trimethicone, Polyglyceryl-2 Dipolyhydroxystearate, Bis-Ethylhexyloxyphenol Methoxyphenyl Triazine, Isododecane, Diethylamino Hydroxybenzoyl Hexyl Benzoate, Niacinamide, Polysilicone-15, Trimethylsiloxysilicate, Euphorbia Cerifera Wax, Undecane, 1,2-Hexanediol, Polyhydroxystearic Acid, Sorbitan Olivate, Vinyl Dimethicone/Methicone Silsesquioxane Crosspolymer, Magnesium Sulfate, Polyglyceryl-3 Polyricinoleate, Dimethicone, Synthetic Beeswax, Tridecane, Triethoxycaprylylsilane, Trihydroxystearin, Dipropylene Glycol, Hydroxyacetophenone, Disteardimonium Hectorite, Dimethicone/Vinyl Dimethicone Crosspolymer, Caprylyl Glycol, Parfum (Fragrance), Propylene Carbonate, Polyglyceryl-3 Ricinoleate, Adenosine, Disodium EDTA, Dipotassium Glycyrrhizate, Hydrolyzed Collagen, Tocopherol, Hydrolyzed Hyaluronic Acid, Helianthus Annuus Seed Oil, Phenoxyethanol, Acetyl Hexapeptide-8, Ethylhexylglycerin, Copper Tripeptide-1, Palmitoyl Pentapeptide-4, Oligopeptide-1 [May Contain +/-]:  CI 77492, CI 77499, CI 77491.",false,false,true,false,,DD cream medium,dd-cream-medium,"All-in-one tinting cream with SPF that hydrates, evens skin tone, and provides light coverage. Delivers anti-aging care, smooths fine lines, and enhances a fresh, radiant look.","<p>A universal tinting product with an extended spectrum of action works according to the Dynamic Do-All principle: moisturizes and tones, protects against UV radiation and camouflages.</p><p>The main difference between DD cream and other products in the BB and CC category is that it has anti-aging and skin rejuvenating properties. It fights fine lines and wrinkles, gives the skin elasticity, youthfulness and makes it radiant. The cream has an enhanced component composition and high caring ability, excellent nourishing properties and light texture.</p><p>Medium  tone - medium beige.</p>","<p>During the final step of your skincare routine, apply an appropriate amount of the product onto your face, gently spreading it to match your skin texture. For areas that require extra coverage, apply an additional layer.</p>","Keep out of reach of children. 
Do not swallow. 
Avoid direct contact with eyes. 
Take the Sun with responsibility.",DD cream medium — YU.R Skin Solution,"All-in-one tinting cream with SPF that hydrates, evens skin tone, and provides light coverage. Delivers anti-aging care, smooths fine lines, and enhances a fres",,,,,,,,,,,,,,,,,,,,,,,,,dd-cream,zinc-oxide;niacinamide;adenosine;hydrolyzed-hyaluronic-acid;copper-tripeptide-1,,,
YUR-8809085107619,DRAFT,yur,,8809085107619,0.00,,,50,,36,KR,3304992000,UNISEX,"Water, Zinc Oxide, C12-15 Alkyl Benzoate, Propylene Glycol Dicaprylate/Dicaprate, Butylene Glycol, Isoamyl P-Methoxycinnamate, Titanium Dioxide, Caprylyl Methicone, Diphenylsiloxy Phenyl Trimethicone, Polyglyceryl-2 Dipolyhydroxystearate, Bis-Ethylhexyloxyphenol Methoxyphenyl Triazine, Isododecane, Diethylamino Hydroxybenzoyl Hexyl Benzoate, Niacinamide, Polysilicone-15, Trimethylsiloxysilicate, Euphorbia Cerifera Wax, Undecane, 1,2-Hexanediol, Polyhydroxystearic Acid, Sorbitan Olivate, Vinyl Dimethicone/Methicone Silsesquioxane Crosspolymer, Magnesium Sulfate, Polyglyceryl-3 Polyricinoleate, Dimethicone, Synthetic Beeswax, Tridecane, Triethoxycaprylylsilane, Trihydroxystearin, Dipropylene Glycol, Hydroxyacetophenone, Disteardimonium Hectorite, Dimethicone/Vinyl Dimethicone Crosspolymer, Caprylyl Glycol, Parfum (Fragrance), Propylene Carbonate, Polyglyceryl-3 Ricinoleate, Adenosine, Disodium EDTA, Dipotassium Glycyrrhizate, Hydrolyzed Collagen, Tocopherol, Hydrolyzed Hyaluronic Acid, Helianthus Annuus Seed Oil, Phenoxyethanol, Acetyl Hexapeptide-8, Ethylhexylglycerin, Copper Tripeptide-1, Palmitoyl Pentapeptide-4, Oligopeptide-1 [May Contain +/-]:  CI 77492, CI 77499, CI 77491.",false,false,true,false,,DD  cream dark,dd-cream-dark,"All-in-one tinting cream with SPF that hydrates, evens skin tone, and provides light coverage. Delivers anti-aging care, smooths fine lines, and enhances a fresh, radiant look.","<p>A universal tinting product with an extended spectrum of action works according to the Dynamic Do-All principle: moisturizing and toning, UV protection and concealer. The main difference between DD cream and other products in the BB and CC category is that it has anti-aging and skin rejuvenating properties. It fights fine lines and wrinkles, gives the skin elasticity, youthfulness and makes it radiant. The cream has an enhanced component composition and high caring ability, excellent nourishing properties and light texture.</p><p>Dark tone - bronze.</p>","<p>During the final step of your skincare routine, apply an appropriate amount of the product onto your face, gently spreading it to match your skin texture. For areas that require extra coverage, apply an additional layer.</p>","Keep out of reach of children. 
Do not swallow. 
Avoid direct contact with eyes. 
Take the Sun with responsibility.",DD  cream dark — YU.R Skin Solution,"All-in-one tinting cream with SPF that hydrates, evens skin tone, and provides light coverage. Delivers anti-aging care, smooths fine lines, and enhances a fres",,,,,,,,,,,,,,,,,,,,,,,,,dd-cream,zinc-oxide;niacinamide;adenosine;hydrolyzed-hyaluronic-acid;copper-tripeptide-1,,,
YUR-8809290738523,DRAFT,yur,,8809290738523,0.00,,,50,,36,KR,3304992000,WOMEN,"Water, Titanium Dioxide, Ethylhexyl Methoxycinnamate, Cyclopentasiloxane, C12-15 Alkyl Benzoate, Cyclohexasiloxane, Butylene Glycol, Ethylhexyl Salicylate, Isoamyl p-Methoxycinnamate, Niacinamide, Dicaprylyl Carbonate, Cetyl PEG/PPG-10/1 Dimethicone, Bis-Ethylhexyloxyphenol Methoxyphenyl Triazine, Ceresin, CI 77492, Diisostearyl Malate, Sodium Chloride, Mica, Disteardimonium Hectorite, Sorbitan Sesquioleate, Phenoxyethanol, Lauryl PEG-9 Polydimethylsiloxyethyl Dimethicone, Sorbitan Olivate, CI 77491, CI 77499, Ozokerite, Polyester-1, Silica Dimethyl Silylate, 1,2-Hexanediol, Dimethicone, Propylene Carbonate, Phenyl Trimethicone, Fragrance, Benzyl Salicylate, Limonene, Dimethicone Crosspolymer, Caprylhydroxamic Acid, Adenosine, Disodium EDTA, Tocopheryl Acetate, Helianthus Annuus (Sunflower) Seed Oil Unsaponifiables, Glycerin, Maltodextrin, Hydrolyzed Lepidium Meyenii Root, Propanediol, Oryza Sativa (Rice) Extract, Yeast Extract, Sesamum Indicum (Sesame) Seed Extract, Glycine Max (Soybean) Seed Extract, Chrysanthemum Indicum Flower Extract, Camellia Sinensis Leaf Extract, Melissa Officinalis Leaf Extract, Rosmarinus Officinalis (Rosemary) Leaf Extract, Aspalathus Linearis Leaf Extract, Thymus Vulgaris (Thyme) Flower/Leaf Extract, Jasminum Officinale (Jasmine) Flower Water, Lavandula Angustifolia (Lavender) Extract, Rosmarinus Officinalis (Rosemary) Extract, Aspalathus Linearis Extract, Thymus Vulgaris (Thyme) Extract, Salvia Officinalis (Sage) Extract, Aloe Barbadensis Leaf Juice, Hamamelis Virginiana (Witch Hazel) Bark/Leaf/Twig Extract, Eucalyptus Globulus Leaf Extract, Chamomilla Recutita (Matricaria) Flower Extract, Symphytum Officinale Leaf Extract, Disodium Phosphate, Xanthan Gum, Palmitoyl Tripeptide-5, Tocopherol, Sodium Phosphate, Saccharide Isomerate, Glyceryl Caprylate.",false,false,true,false,,CCC cream light,ccc-cream-light,"Unique CC cream with SPF50+ adapts to skin tone, evens complexion, and leaves a natural radiant finish.","<p>Multifunctional tinting CC cream with skin care function and sun protection (SPF50+ PA+++). Thanks to Color Control Change with encapsulated color granules, the product instantly adjusts to natural pigment and evens out skin tone. The cream has a semi-transparent finish, yet it is not felt on the face, allowing the skin to breathe. Radiant finish: the skin looks rested and fresh.</p><p>Light tone (Light Beige): for fair, porcelain and ivory skin, has a neutral undertone, does not bleach.</p>","<p>During the final step of your skincare routine, apply an appropriate amount of the product onto your face, gently spreading it to match your skin texture. For areas that require extra coverage, apply an additional layer.</p>","Keep out of reach of children. 
Do not swallow. 
Avoid direct contact with eyes. 
Take the Sun with responsibility.",CCC cream light — YU.R Skin Solution,"Unique CC cream with SPF50+ adapts to skin tone, evens complexion, and leaves a natural radiant finish.",,,,,,,,,,,,,,,,,,,,,,,,,cc-cream,titanium-dioxide;niacinamide;adenosine;tocopheryl-acetate;palmitoyl-tripeptide-5,,,
YUR-8809290738530,DRAFT,yur,,8809290738530,0.00,,,50,,36,KR,3304992000,WOMEN,"Water, Titanium Dioxide, Ethylhexyl Methoxycinnamate, Cyclopentasiloxane, C12-15 Alkyl Benzoate, Cyclohexasiloxane, Butylene Glycol, Ethylhexyl Salicylate, Isoamyl p-Methoxycinnamate, Niacinamide, Dicaprylyl Carbonate, Cetyl PEG/PPG-10/1 Dimethicone, CI 77492, Bis-Ethylhexyloxyphenol Methoxyphenyl Triazine, Ceresin, Diisostearyl Malate, Sodium Chloride, Mica, CI 77491, Disteardimonium Hectorite, CI 77499, Sorbitan Sesquioleate, Phenoxyethanol, Lauryl PEG-9 Polydimethylsiloxyethyl Dimethicone, Sorbitan Olivate, Polyester-1, Ozokerite, Silica Dimethyl Silylate, 1,2-Hexanediol, Dimethicone, Propylene Carbonate, Phenyl Trimethicone, Fragrance, Benzyl Salicylate, Limonene, Dimethicone Crosspolymer, Caprylhydroxamic Acid, Adenosine, Disodium EDTA, Tocopheryl Acetate, Helianthus Annuus (Sunflower) Seed Oil Unsaponifiables, Glycerin, Maltodextrin, Hydrolyzed Lepidium Meyenii Root, Propanediol, Oryza Sativa (Rice) Extract, Yeast Extract, Sesamum Indicum (Sesame) Seed Extract, Glycine Max (Soybean) Seed Extract, Chrysanthemum Indicum Flower Extract, Camellia Sinensis Leaf Extract, Melissa Officinalis Leaf Extract, Rosmarinus Officinalis (Rosemary) Leaf Extract, Aspalathus Linearis Leaf Extract, Thymus Vulgaris (Thyme) Flower/Leaf Extract, Jasminum Officinale (Jasmine) Flower Water, Lavandula Angustifolia (Lavender) Extract, Rosmarinus Officinalis (Rosemary) Extract, Aspalathus Linearis Extract, Thymus Vulgaris (Thyme) Extract, Salvia Officinalis (Sage) Extract, Aloe Barbadensis Leaf Juice, Hamamelis Virginiana (Witch Hazel) Bark/Leaf/Twig Extract, Eucalyptus Globulus Leaf Extract, Chamomilla Recutita (Matricaria) Flower Extract, Symphytum Officinale Leaf Extract, Disodium Phosphate, Xanthan Gum, Palmitoyl Tripeptide-5, Tocopherol, Sodium Phosphate, Saccharide Isomerate, Glyceryl Caprylate.",false,false,true,false,,CCC cream medium,ccc-cream-medium,"Unique CC cream with SPF50+ that adapts to skin tone, evens complexion, and leaves a natural radiant finish.","<p>Multifunctional tinting CC cream with skin care function and sun protection (SPF50+ PA+++). Thanks to Color Control Change with encapsulated color granules, the product instantly adjusts to natural pigment and evens out skin tone. The cream has a semi-transparent finish, yet it is not felt on the face, allowing the skin to breathe. Radiant finish: the skin looks rested and fresh.</p><p>Medium tone (Medium Beige): the universal shade in the line, suitable for medium skin tone, fair skin with pigmentation. It has a neutral, slightly bronzed undertone.</p>","<p>During the final step of your skincare routine, apply an appropriate amount of the product onto your face, gently spreading it to match your skin texture. For areas that require extra coverage, apply an additional layer.</p>","Keep out of reach of children. 
Do not swallow. 
Avoid direct contact with eyes. 
Take the Sun with responsibility.",CCC cream medium — YU.R Skin Solution,"Unique CC cream with SPF50+ that adapts to skin tone, evens complexion, and leaves a natural radiant finish.",,,,,,,,,,,,,,,,,,,,,,,,,cc-cream,titanium-dioxide;niacinamide;adenosine;tocopheryl-acetate;palmitoyl-tripeptide-5,,,
YUR-8809290738547,DRAFT,yur,,8809290738547,0.00,,,50,,36,KR,3304992000,WOMEN,"Water, Titanium Dioxide, Ethylhexyl Methoxycinnamate, Cyclopentasiloxane, C12-15 Alkyl Benzoate, Cyclohexasiloxane, Butylene Glycol, Ethylhexyl Salicylate, Isoamyl p-Methoxycinnamate, Niacinamide, Dicaprylyl Carbonate, Cetyl PEG/PPG-10/1 Dimethicone, CI 77492, Bis-Ethylhexyloxyphenol Methoxyphenyl Triazine, Ceresin, Diisostearyl Malate, Sodium Chloride, Mica, CI 77491, Disteardimonium Hectorite, CI 77499, Sorbitan Sesquioleate, Phenoxyethanol, Lauryl PEG-9 Polydimethylsiloxyethyl Dimethicone, Sorbitan Olivate, Polyester-1, Ozokerite, Silica Dimethyl Silylate, 1,2-Hexanediol, Dimethicone, Propylene Carbonate, Phenyl Trimethicone, Fragrance, Benzyl Salicylate, Limonene, Dimethicone Crosspolymer, Caprylhydroxamic Acid, Adenosine, Disodium EDTA, Tocopheryl Acetate, Helianthus Annuus (Sunflower) Seed Oil Unsaponifiables, Glycerin, Maltodextrin, Hydrolyzed Lepidium Meyenii Root, Propanediol, Oryza Sativa (Rice) Extract, Yeast Extract, Sesamum Indicum (Sesame) Seed Extract, Glycine Max (Soybean) Seed Extract, Chrysanthemum Indicum Flower Extract, Camellia Sinensis Leaf Extract, Melissa Officinalis Leaf Extract, Rosmarinus Officinalis (Rosemary) Leaf Extract, Aspalathus Linearis Leaf Extract, Thymus Vulgaris (Thyme) Flower/Leaf Extract, Jasminum Officinale (Jasmine) Flower Water, Lavandula Angustifolia (Lavender) Extract, Rosmarinus Officinalis (Rosemary) Extract, Aspalathus Linearis Extract, Thymus Vulgaris (Thyme) Extract, Salvia Officinalis (Sage) Extract, Aloe Barbadensis Leaf Juice, Hamamelis Virginiana (Witch Hazel) Bark/Leaf/Twig Extract, Eucalyptus Globulus Leaf Extract, Chamomilla Recutita (Matricaria) Flower Extract, Symphytum Officinale Leaf Extract, Disodium Phosphate, Xanthan Gum, Palmitoyl Tripeptide-5, Tocopherol, Sodium Phosphate, Saccharide Isomerate, Glyceryl Caprylate.",false,false,true,false,,CCC cream dark,ccc-cream-dark,"Unique CC cream with SPF50+ that adapts to skin tone, evens complexion, and leaves a natural radiant finish.","<p>Multifunctional tinting CC cream with skin care function and sun protection (SPF50+ PA+++). Thanks to Color Control Change with encapsulated color granules, the product instantly adjusts to natural pigment and evens out skin tone. The cream has a semi-transparent finish, yet it is not felt on the face, allowing the skin to breathe. Radiant finish: the skin looks rested and fresh.</p><p>Dark tone  (Dark Beige): an active bronze shade, suitable for dark skin or skin with a fresh tan. It has a golden undertone and a transparent cocoa milk finish.</p>","<p>During the final step of your skincare routine, apply an appropriate amount of the product onto your face, gently spreading it to match your skin texture. For areas that require extra coverage, apply an additional layer.</p>","Keep out of reach of children. 
Do not swallow. 
Avoid direct contact with eyes. 
Take the Sun with responsibility.",CCC cream dark — YU.R Skin Solution,"Unique CC cream with SPF50+ that adapts to skin tone, evens complexion, and leaves a natural radiant finish.",,,,,,,,,,,,,,,,,,,,,,,,,cc-cream,titanium-dioxide;niacinamide;adenosine;tocopheryl-acetate;palmitoyl-tripeptide-5,,,
YUR-8809085104618,DRAFT,yur,,8809085104618,0.00,,,30,,36,KR,3304991000,UNISEX,"Water, Propanediol, Ethylhexyl Methoxycinnamate, Homosalate, Alcohol Denat., Caprylyl Methicone, Diethylamino Hydroxybenzoyl Hexyl Benzoate, Bis-Ethylhexyloxyphenol Methoxyphenyl Triazine, Ethylhexyl Salicylate, Octocrylene, Niacinamide, Silica, 1,2-Hexanediol, Acrylates/C10-30 Alkyl Acrylate Crosspolymer, Tromethamine, Dipropylene Glycol, Hydroxyacetophenone, Caprylyl Glycol, Fragrance, Adenosine, Leontopodium Alpinum Extract, Glyceryl Glucoside, Lavandula Angustifolia (Lavender) Extract, Rosmarinus Officinalis (Rosemary) Extract, Thymus Vulgaris (Thyme) Extract, Origanum Vulgare Flower/Leaf/Stem Extract, Butylene Glycol, Glycerin, Dipotassium Glycyrrhizate, Hydrolyzed Collagen.",false,false,true,false,,Clear sun block collagen,clear-sun-block-collagen,"SPF50+ sunscreen protects from UV rays, hydrates, and helps maintain skin elasticity and balance.","<p>A multifunctional, maximum SPF50+ sunscreen that simultaneously protects your skin from harmful UV rays, prevents dehydration and helps your skin maintain a healthy level of elasticity. The cream creates a thin, moisture-resistant protective film, strengthening the skin's protective barrier. It not only protects against harmful radiation, but also has hygroscopic properties, keeping the skin optimally moisturised without clogging pores or leaving a sticky feeling. Safe chemical filter allows to provide reliable SPF50+ PA++++ protection against 98% of UVA and UVB rays. Prevents excessive melanin production, reducing the risk of age spots.</p>","<p>After skin care, apply evenly to the skin that is prone to exposure to UV rays.</p>","Keep out of reach of children. 
Do not swallow. 
Avoid direct contact with eyes. 
Take the Sun with responsibility.",Clear sun block collagen — YU.R Skin Solution,"SPF50+ sunscreen protects from UV rays, hydrates, and helps maintain skin elasticity and balance.",,,,,,,,,,,,,,,,,,,,,,,,,sunscreen,niacinamide;adenosine;hydrolyzed-collagen;leontopodium-alpinum-extract,,,
YUR-8809085105820,DRAFT,yur,,8809085105820,0.00,,,250,,36,KR,3401300000,UNISEX,"Glycine Soja (Soybean) Oil, Sorbeth-30 Tetraoleate, Caprylic/Capric Triglyceride, Tocopheryl Acetate, Fragrance, Water, Glycyrrhiza Glabra (Licorice) Root Extract, Camellia Sinensis Leaf Extract, Oenothera Biennis (Evening Primrose) Oil, Dunaliella Salina Extract, Centella Asiatica Extract, Butyrospermum Parkii (Shea) Butter, Oryza Sativa (Rice) Bran Oil, Argania Spinosa Kernel Oil, Olea Europaea (Olive) Fruit Oil, Helianthus Annuus (Sunflower) Seed Oil, Prunus Armeniaca (Apricot) Kernel Oil, Simmondsia Chinensis (Jojoba) Seed Oil, Tremella Fuciformis (Mushroom) Extract, Glycine, Xylitylglucoside, Anhydroxylitol, Pueraria Lobata Root Extract, Ulmus Davidiana Root Extract, Oenothera Biennis (Evening Primrose) Flower Extract, Pinus Palustris Leaf Extract, Xylitol, Butylene Glycol, Glucose, Hydrolyzed Collagen, 1,2-Hexanediol, Glutamic Acid, Lysine, Leucine, Methionine, Valine, Serine, Cysteine, Aspartic Acid, Alanine, Arginine, Isoleucine, Tyrosine, Threonine, Phenylalanine, Proline, Histidine, Tremella fuciformis Sporocarp Extract.",false,false,true,false,,Soybean cleansing oil,soybean-cleansing-oil,"Gentle transforming cleanser melts away makeup, dirt, and sebum without drying the skin. Easily rinses off, leaving skin clean and comfortable.","<p>It is a delicate transformer cleanser that dissolves all types of dirt, makeup and sebum, providing thorough cleansing without drying out the skin. It contains a special emulsifier that helps to bind water and oil molecules in one formula, so that cosmetics and sebum melt on the skin and are easily removed without residue when water is added.</p>",<p>Pump an appropriate amount onto the palms of dry hands and then gently smooth over dry face. Add water to emulsify into a milky lather and gently massage cleansing oil into skin in circular motions for about 30 seconds. Rinse with lukewarm water.</p>,"Keep out of reach of children. 
Do not swallow. 
Avoid direct contact with eyes.",Soybean cleansing oil — YU.R Skin Solution,"Gentle transforming cleanser melts away makeup, dirt, and sebum without drying the skin. Easily rinses off, leaving skin clean and comfortable.",,,,,,,,,,,,,,,,,,,,,,,,,cleansing-oil,centella-asiatica-extract;glycyrrhiza-glabra-licorice-root-extract;camellia-sinensis-leaf-extract;hydrolyzed-collagen;tocopheryl-acetate,,,
YUR-8809290736130,DRAFT,yur,,8809290736130,0.00,,,120,,36,KR,3401300000,UNISEX,"Water, Ammonium Lauryl Sulfate, Cocamidopropyl Betaine, Acrylates Copolymer, PEG-8, Lauryl Glucoside, Methyl Perfluorobutyl Ether, Methyl Perfluoroisobutyl Ether, PEG-7 Glyceryl Cocoate, Sodium Benzoate, Potassium Sorbate, Lithium Magnesium Sodium Silicate, Trehalose, Sodium Hydroxide, Disodium EDTA, Fragrance, Diospyros Kaki Leaf Extract, Bambusa Vulgaris Leaf/Stem Extract, Quercus Acutissima Fruit Extract, Butyl Avocadate, Sodium Hyaluronate, Castanea Sativa (Chestnut) Bark Extract, Melaleuca Alternifolia (Tea Tree) Leaf Extract, Helianthus Annuus (Sunflower) Seed Oil Unsaponifiables, Glycerin, Butylene Glycol, Lavandula Angustifolia (Lavender) Extract, Rosmarinus Officinalis (Rosemary) Extract, Aspalathus Linearis Extract, Thymus Vulgaris (Thyme) Extract, Salvia Officinalis (Sage) Extract, Aloe Barbadensis Leaf Juice, Hamamelis Virginiana (Witch Hazel) Bark/Leaf/Twig Extract, Eucalyptus Globulus Leaf Extract, Chamomilla Recutita (Matricaria) Flower Extract, Symphytum Officinale Leaf Extract, Palmitoyl Tripeptide-5.",false,false,true,false,,Oxygen foam cleanser,oxygen-foam-cleanser,"Moisturizing oxygen foam cleanser gently cleanses and revitalizes skin, leaving it fresh and comfortable.","<p>Moisturizing foaming wash that oxygenates the skin. The product gently foams on contact with the skin, transforming its texture into a gentle and airy one. The product is fundamentally different from its analogues: oxygen in the composition of the foam is used not to create a voluminous foam, but for a revitalizing effect on the skin, similar to carboxytherapy.</p>","<p>Apply a sufficient amount evenly on your face without water. After 15-30 seconds, when it turns into foam, gently massage and rinse off with lukewarm water.</p>","Keep out of reach of children. 
Do not swallow. 
Avoid direct contact with eyes.",Oxygen foam cleanser — YU.R Skin Solution,"Moisturizing oxygen foam cleanser gently cleanses and revitalizes skin, leaving it fresh and comfortable.",,,,,,,,,,,,,,,,,,,,,,,,,cleansing-foam,sodium-hyaluronate;palmitoyl-tripeptide-5;melaleuca-alternifolia-tea-tree-leaf-extract;aloe-barbadensis-leaf-juice;trehalose,,,
YUR-8809085101730,DRAFT,yur,,8809085101730,0.00,,,15,,36,KR,3304991000,UNISEX,"Water, Butylene Glycol, Methyl Gluceth-20, 1,2-Hexanediol, Glycereth-26, Niacinamide, Glycerin, Arginine, Carbomer, Lonicera Japonica (Honeysuckle) Flower Extract, Royal Jelly Extract, Calendula Officinalis Flower Extract, PEG-60 Hydrogenated Castor Oil, Tuber Magnatum Extract, Gold(600ppm), Cellulose Gum, Glyceryl Acrylate/Acrylic Acid Copolymer, Adenosine, Fragrance(Parfum), Disodium EDTA, Angelica Gigas Root Extract, Houttuynia Cordata Extract, Leonurus Sibiricus Flower/Leaf/Stem Extract, Vitis Vinifera (Grape) Seed Extract, Curcuma Longa (Turmeric) Root Extract, Rheum Palmatum Root Extract, Rehmannia Glutinosa Root Extract, Scutellaria Baicalensis Root Extract, Astragalus Membranaceus Root Extract, Phellodendron Amurense Bark Extract, Coptis Chinensis Root Extract, Chrysanthemum Indicum Flower Extract, Camellia Sinensis Leaf Extract, Cymbopogon Schoenanthus Extract, Melissa Officinalis Leaf Extract, Rosmarinus Officinalis (Rosemary) Leaf Extract, Aspalathus Linearis Leaf Extract, Saponaria Officinalis Leaf Extract, Thymus Vulgaris (Thyme) Flower/Leaf Extract, Propylene Glycol, PVM/MA Copolymer, Hydrolyzed Hyaluronic Acid, Jasminum Officinale (Jasmine) Flower Water.",false,false,true,false,,24K Gold Ampoule 15 ml,24k-gold-ampoule-15-ml,"Renewing serum with 24K gold boosts skin regeneration, deeply hydrates, and enhances radiance. Leaves skin smoother, firmer, and visibly refreshed with a glowing effect.","<p>Yu.R Skin Solution Renewing Serum with 24K Premium Gold Ampoule is used for cell renewal and triggering cellular respiration and regeneration processes. 24K colloidal gold hydrolysate provides improved penetration of nutrients, accelerates blood and lymph circulation, and 24 plant extracts with a prolonged effect actively moisturize, with a mild lipolytic effect. The skin looks fresh, bright, healthy and visibly tighter. The serum has a watery, slightly viscous texture and does not require subsequent covering of the skin with cream. The colloidal gold plates dissolve easily when the product is applied, creating an optical effect of illuminated and radiant skin. Use the serum in the evening for deep overnight recovery and in the morning to maintain skin hydration and primer the skin before the toning stage.</p>","<p>Take 2-3 drops of the serum during the skincare routine, gently spread it onto the skin, and allow it to absorb.</p>","Keep out of reach of children. 
Do not swallow. 
Avoid direct contact with eyes.",24K Gold Ampoule 15 ml — YU.R Skin Solution,"Renewing serum with 24K gold boosts skin regeneration, deeply hydrates, and enhances radiance. Leaves skin smoother, firmer, and visibly refreshed with a glowin",,,,,,,,,,,,,,,,,,,,,,,,,serum,niacinamide;gold-600ppm;hydrolyzed-hyaluronic-acid;adenosine;royal-jelly-extract,,,
YUR-8809085101686,DRAFT,yur,,8809085101686,0.00,,,100,,36,KR,3304991000,UNISEX,"Water, Butylene Glycol, Methyl Gluceth-20, 1,2-Hexanediol, Glycereth-26, Niacinamide, Glycerin, Arginine, Carbomer, Lonicera Japonica (Honeysuckle) Flower Extract, Royal Jelly Extract, Calendula Officinalis Flower Extract, PEG-60 Hydrogenated Castor Oil, Tuber Magnatum Extract, Gold(600ppm), Cellulose Gum, Glyceryl Acrylate/Acrylic Acid Copolymer, Adenosine, Fragrance(Parfum), Disodium EDTA, Angelica Gigas Root Extract, Houttuynia Cordata Extract, Leonurus Sibiricus Flower/Leaf/Stem Extract, Vitis Vinifera (Grape) Seed Extract, Curcuma Longa (Turmeric) Root Extract, Rheum Palmatum Root Extract, Rehmannia Glutinosa Root Extract, Scutellaria Baicalensis Root Extract, Astragalus Membranaceus Root Extract, Phellodendron Amurense Bark Extract, Coptis Chinensis Root Extract, Chrysanthemum Indicum Flower Extract, Camellia Sinensis Leaf Extract, Cymbopogon Schoenanthus Extract, Melissa Officinalis Leaf Extract, Rosmarinus Officinalis (Rosemary) Leaf Extract, Aspalathus Linearis Leaf Extract, Saponaria Officinalis Leaf Extract, Thymus Vulgaris (Thyme) Flower/Leaf Extract, Propylene Glycol, PVM/MA Copolymer, Hydrolyzed Hyaluronic Acid, Jasminum Officinale (Jasmine) Flower Water.",false,false,true,false,,24K Gold Ampoule 100 ml,24k-gold-ampoule-100-ml,"Renewing serum with 24K gold boosts skin regeneration, deeply hydrates, and enhances radiance. Leaves skin smoother, firmer, and visibly refreshed with a glowing effect.","<p>Yu.R Skin Solution Renewing Serum with 24K Premium Gold Ampoule is used for cell renewal and triggering cellular respiration and regeneration processes. 24K colloidal gold hydrolysate provides improved penetration of nutrients, accelerates blood and lymph circulation, and 24 plant extracts with a prolonged effect actively moisturize, with a mild lipolytic effect. The skin looks fresh, bright, healthy and visibly tighter. The serum has a watery, slightly viscous texture and does not require subsequent covering of the skin with cream. The colloidal gold plates dissolve easily when the product is applied, creating an optical effect of illuminated and radiant skin. Use the serum in the evening for deep overnight recovery and in the morning to maintain skin hydration and primer the skin before the toning stage.</p>","<p>Take 2-3 drops of the serum during the skincare routine, gently spread it onto the skin, and allow it to absorb.</p>","Keep out of reach of children. 
Do not swallow. 
Avoid direct contact with eyes.",24K Gold Ampoule 100 ml — YU.R Skin Solution,"Renewing serum with 24K gold boosts skin regeneration, deeply hydrates, and enhances radiance. Leaves skin smoother, firmer, and visibly refreshed with a glowin",,,,,,,,,,,,,,,,,,,,,,,,,serum,niacinamide;gold-600ppm;hydrolyzed-hyaluronic-acid;adenosine;royal-jelly-extract,,,
YUR-8809085102126,DRAFT,yur,,8809085102126,0.00,,,,,36,KR,3304992000,WOMEN,"Saussurea Involucrata Extract, Titanium Dioxide, Ethylhexyl Methoxycinnamate, Cyclopentasiloxane, Cyclohexasiloxane, Butylene Glycol, Ethylhexyl Salicylate, Isoamyl p-Methoxycinnamate, Diphenylsiloxy Phenyl Trimethicone, Cetyl PEG/PPG-10/1 Dimethicone, Niacinamide, Alcohol Denat., C12-15 Alkyl Benzoate, Dicaprylyl Carbonate, Bis-Ethylhexyloxyphenol Methoxyphenyl Triazine, Sodium Chloride, CI 77492, Sorbitan Sesquioleate, Silica, Trimethylsiloxysilicate, Lauryl PEG-9 Polydimethylsiloxyethyl Dimethicone, Sorbitan Olivate, Disteardimonium Hectorite, Synthetic Beeswax, Leontopodium Alpinum Extract, Dimethicone, CI 77491, Chlorphenesin, Dipropylene Glycol, Trihydroxystearin, 1,2-Hexanediol, Hydroxyacetophenone, Propylene Carbonate, Hippophae Rhamnoides Oil, Argania Spinosa Kernel Oil, CI 77499, Maltodextrin, Fragrance, Linalool, Hexyl Cinnamal, Limonene, Dimethiconol, Adenosine, Camellia Japonica Flower Extract, Hydrolyzed Hyaluronic Acid, Palmitoyl Glycine, Palmitoyl Isoleucine, Triethoxycaprylylsilane, Glycine, Disodium EDTA, Hydrolyzed Lepidium Meyenii Root, Water, Biosaccharide Gum-1, Butyl Avocadate, Fullerenes, Mesembryanthemum Crystallinum Extract, Raspberry Seed Oil/Tocopheryl Succinate Aminopropanediol Esters, Adenium Obesum Leaf Cell Extract, Xylitylglucoside, Anhydroxylitol, Ficus Carica (Fig) Fruit Extract, Punica Granatum Fruit Extract, Morus Alba Fruit Extract, Ginkgo Biloba Nut Extract, Laminaria Japonica Extract, Sodium Citrate, Palmitic Acid, Xylitol, Citric Acid, Glucose, Glutamic Acid, Lysine, Leucine, Methionine, Valine, Serine, Cysteine, Aspartic Acid, Alanine, Arginine, Isoleucine, Tyrosine, Threonine, Phenylalanine, Proline, Histidine, Tocopherol, Fucose, Cyanocobalamin.",false,false,true,false,,Moist layer cushion #21,moist-layer-cushion-21,"SPF50+ cushion foundation with medium coverage evens skin tone, hydrates, and gives a natural long-lasting radiant finish.","<p>Compact and convenient powder foundation in a powder bottle format. The weightless, creamy foundation blends easily with the sponge pad and retouches the skin without emphasising roughness, pores and wrinkles. The product gives a semi-matte finish to illuminated skin. Medium coverage. Ideal for those who want a ""make-up without make-up"" effect. The foundation protects against UF radiation (50 SPF+), keeps the skin moisturised and does not bleed under any circumstances. The cushion has a water-resistant effect - it does not melt or fade during the day, regardless of the ambient temperature, maintaining coverage even when swimming in the sea and pool. The tonal couch is available in BIG SIZE format - 25 grams, instead of the standard 15-gram variants of couchons on the market. The coveted trio of multidirectional essences in the Yu.R Skin Solution Moist Layer Cushion will enhance the beauty of the skin while delicately concealing imperfections: the pink essence actively moisturises and cares for the skin, the white essence gives radiance and protects against UVA and UVB rays (SPF 50+), the beige essence gives the perfect tone, blending with the skin and creating a soft satin finish.</p><p>Tone 21: recommended for porcelain-toned, olive-toned or ivory skin.</p>",<p>Take an appropriate amount on a puff and lightly pat and spread on your skin.</p>,"Keep out of reach of children. 
Do not swallow. 
Avoid direct contact with eyes. 
Take the Sun with responsibility.",Moist layer cushion #21 — YU.R Skin Solution,"SPF50+ cushion foundation with medium coverage evens skin tone, hydrates, and gives a natural long-lasting radiant finish.",,,,,,,,,,,,,,,,,,,,,,,,,cushion,niacinamide;hydrolyzed-hyaluronic-acid;adenosine;fullerenes;hippophae-rhamnoides-oil,,,
YUR-8809085102133,DRAFT,yur,,8809085102133,0.00,,,,,36,KR,3304992000,WOMEN,"Saussurea Involucrata Extract, Titanium Dioxide, Ethylhexyl Methoxycinnamate, Cyclopentasiloxane, Cyclohexasiloxane, Butylene Glycol, Ethylhexyl Salicylate, Isoamyl p-Methoxycinnamate, Diphenylsiloxy Phenyl Trimethicone, Cetyl PEG/PPG-10/1 Dimethicone, Niacinamide, Alcohol Denat., Dicaprylyl Carbonate, C12-15 Alkyl Benzoate, Bis-Ethylhexyloxyphenol Methoxyphenyl Triazine, Sodium Chloride, CI 77492, Sorbitan Sesquioleate, Silica, Trimethylsiloxysilicate, Lauryl PEG-9 Polydimethylsiloxyethyl Dimethicone, Sorbitan Olivate, Disteardimonium Hectorite, Synthetic Beeswax, CI 77491, Leontopodium Alpinum Extract, Dimethicone, Chlorphenesin, Dipropylene Glycol, Trihydroxystearin, 1,2-Hexanediol, Hydroxyacetophenone, Propylene Carbonate, CI 77499, Hippophae Rhamnoides Oil, Argania Spinosa Kernel Oil, Maltodextrin, Fragrance, Linalool, Hexyl Cinnamal, Limonene, Dimethiconol, Triethoxycaprylylsilane, Adenosine, Camellia Japonica Flower Extract, Hydrolyzed Hyaluronic Acid, Palmitoyl Glycine, Palmitoyl Isoleucine, Glycine, Disodium EDTA, Hydrolyzed Lepidium Meyenii Root, Water, Biosaccharide Gum-1, Butyl Avocadate, Fullerenes, Mesembryanthemum Crystallinum Extract, Raspberry Seed Oil/Tocopheryl Succinate Aminopropanediol Esters, Adenium Obesum Leaf Cell Extract, Xylitylglucoside, Anhydroxylitol, Ficus Carica (Fig) Fruit Extract, Punica Granatum Fruit Extract, Morus Alba Fruit Extract, Ginkgo Biloba Nut Extract, Laminaria Japonica Extract, Sodium Citrate, Palmitic Acid, Xylitol, Citric Acid, Glucose, Glutamic Acid, Lysine, Leucine, Methionine, Valine, Serine, Cysteine, Aspartic Acid, Alanine, Arginine, Isoleucine, Tyrosine, Threonine, Phenylalanine, Proline, Histidine, Tocopherol, Fucose, Cyanocobalamin.",false,false,true,false,,Moist layer cushion #23,moist-layer-cushion-23,"SPF50+ cushion foundation with medium coverage evens skin tone, hydrates, and gives a natural long-lasting radiant finish.","<p>Compact and convenient powder foundation in a powder bottle format. The weightless, creamy foundation blends easily with the sponge pad and retouches the skin without emphasising roughness, pores and wrinkles. The product gives a semi-matte finish to illuminated skin. Medium coverage. Ideal for those who want a ""make-up without make-up"" effect. The foundation protects against UF radiation (50 SPF+), keeps the skin moisturised and does not bleed under any circumstances. The cushion has a water-resistant effect - it does not melt or fade during the day, regardless of the ambient temperature, maintaining coverage even when swimming in the sea and pool. The tonal couch is available in BIG SIZE format - 25 grams, instead of the standard 15-gram variants of couchons on the market. The coveted trio of multidirectional essences in the Yu.R Skin Solution Moist Layer Cushion will enhance the beauty of the skin while delicately concealing imperfections: the pink essence actively moisturises and cares for the skin, the white essence gives radiance and protects against UVA and UVB rays (SPF 50+), the beige essence gives the perfect tone, blending with the skin and creating a soft satin finish.</p><p>Tone 23: recommended for fair or medium beige skin.</p>",<p>Take an appropriate amount on a puff and lightly pat and spread on your skin.</p>,"Keep out of reach of children. 
Do not swallow. 
Avoid direct contact with eyes. 
Take the Sun with responsibility.",Moist layer cushion #23 — YU.R Skin Solution,"SPF50+ cushion foundation with medium coverage evens skin tone, hydrates, and gives a natural long-lasting radiant finish.",,,,,,,,,,,,,,,,,,,,,,,,,cushion,niacinamide;hydrolyzed-hyaluronic-acid;adenosine;fullerenes;hippophae-rhamnoides-oil,,,
YUR-8809800464737,DRAFT,yur,,8809800464737,0.00,,,210,,36,KR,3304991000,UNISEX,"Centella asiatica extract, methylpropanediol, water, niacinamide, 1,2-hexanediol, glycerin, hydroxyacetophenone, citric acid, adenosine, sodium citrate, gluconolactone, EDTA dynatrium, sodium hyaluronate, portulaca extract, fig extract, acetylated sodium hyaluronate, hydrolysed hyaluronic acid, hydrolysed lecithin, ceramides, ethylhexylglycerin.",false,false,true,false,,Centella toner,centella-toner,"Soothing toner hydrates, calms irritation, and strengthens the skin barrier for a smoother, balanced complexion.","<p>Intensive mildly acidic soothing toner effectively moisturises the skin without disturbing the hydrolipidic mantle and preventing transepidermal moisture loss. It revitalises dehydrated skin, eliminates flakiness and improves skin tone by gently renewing the skin with natural phyto-extracts. The toner's watery, oil-free texture is quickly absorbed and assimilated by the skin, balancing and strengthening the microbiome, as well as neutralising inflammation and irritation on skin with a compromised protective barrier, oily skin and acne-prone skin.</p>","<p>Apply a small amount of toner to the face and neck with cotton discs, do not rinse, then apply cream or serum.</p>","Keep out of reach of children. 
Do not swallow. 
Avoid direct contact with eyes.",Centella toner — YU.R Skin Solution,"Soothing toner hydrates, calms irritation, and strengthens the skin barrier for a smoother, balanced complexion.",,,,,,,,,,,,,,,,,,,,,,,,,toner,centella-asiatica-extract;niacinamide;ceramides;sodium-hyaluronate;adenosine,,,
YUR-8809800464713,DRAFT,yur,,8809800464713,0.00,,,100,,36,KR,3304991000,UNISEX,"Centella asiatica extract, pentylene glycol, 1,2-hexanediol, hydroxyacetophenone, ammonium acryloyldimethyl taurate/Vp copolymer, caprylyl glycol, ethylhexyl glycerin, sodium hyaluronate, water.",false,false,true,false,,Centella ampoule,centella-ampoule,"Centella serum (91.3%) soothes, hydrates, and evens skin tone for sensitive and acne-prone skin.","<p>Soothing serum for sensitive skin contains the maximum concentration of highly regenerating Asian Centella extract (91.3%) with an easily absorbed, fast-acting formula.</p><p>The product with a non-sticky texture instantly penetrates the skin, deeply moisturises and provides a long-lasting skin hydration effect. Suitable for daily use as a basic skincare product. It effectively eliminates age spots and is suitable for acne-prone skin.</p>","<p>After cleansing and toning the skin, apply 3 - 5 drops to the face and décolleté area with gentle massaging movements.</p>","Keep out of reach of children. 
Do not swallow. 
Avoid direct contact with eyes.",Centella ampoule — YU.R Skin Solution,"Centella serum (91.3%) soothes, hydrates, and evens skin tone for sensitive and acne-prone skin.",,,,,,,,,,,,,,,,,,,,,,,,,serum,centella-asiatica-extract;sodium-hyaluronate;caprylyl-glycol;ethylhexylglycerin,,,
YUR-8809800464720,DRAFT,yur,,8809800464720,0.00,,,75,,36,KR,3304991000,UNISEX,"Centella asiatica extract, caprylic triglyceride, cyclohexasiloxane, propanediol, glycerin, niacinamide, hydrogenated olefin polymers, dicaprylyl carbonate, polymer alcohol polyglycerin-3, hydrogenated polydecene, methylpropanediol, hydrogenated lecithin, 1,2-hexanediol, Torrea nutans seed oil, ammonium acryloyldimethyl taurate/Vp copolymer, hydroxyacetophenone, C12-20 alkyl glucoside, polyglyceryl-10 laurate, acrylates/C10-30 alkyl acrylate crosspolymer, water, tromethamine, ethylhexyl glycerin, fragrance, adenosine, butylene glycol, tremella fucus mushroom extract, glucose, tocopherol, sodium hyaluronate crosspolymer, polyquaternium-51, hydrolysed glucosaminoglycans, sodium hyaluronate, kelp extract, eclipta prostrata leaf extract, benzyl glycol, beta-glucan, hydrolysed hyaluronic acid, Centella asiatica root extract, Centella asiatica leaf extract, Sosta marina bark extract, hyaluronic acid, raspberry ketones, madecoside, madecassic acid, asiaticoside, asiatic acid.",false,false,true,false,,Centella cream,centella-cream,"Soothing Centella cream hydrates, calms irritation, and strengthens the skin barrier for a healthier, more balanced complexion.","<p>The cream with a delicate texture provides deep moisturisation, has a powerful soothing effect on irritated and dry skin, smooths and revitalises dull skin by stimulating collagen production and improving tone. The active formula with 7 modifications of regenerating Centella Asiatica extract strengthens weakened skin and capillaries, instantly giving a feeling of comfort and effectively revitalising. The cream is ideal for dehydrated and oily skin, as well as for problematic and acne-prone skin.</p>","<p>Apply a small amount onto cleansed skin using massage movements. Use both morning and evening, or as needed.</p>","Keep out of reach of children. 
Do not swallow. 
Avoid direct contact with eyes.",Centella cream — YU.R Skin Solution,"Soothing Centella cream hydrates, calms irritation, and strengthens the skin barrier for a healthier, more balanced complexion.",,,,,,,,,,,,,,,,,,,,,,,,,cream,centella-asiatica-extract;niacinamide;sodium-hyaluronate;madecassoside;asiaticoside,,,
YUR-8809085105066,DRAFT,yur,Yu.R Me,8809085105066,0.00,,,30,,36,KR,3304991000,UNISEX,"Water, Butylene Glycol, Butylene Glycol Dicaprylate/Dicaprate, Caprylic/Capric Triglyceride, Cetearyl Alcohol, Glycerin, Ceteareth-6 Olivate, Cetyl Ethylhexanoate, Stearic Acid, Hydroxyethyl Acrylate/Sodium Acryloyldimethyl Taurate Copolymer, Glyceryl Stearate SE, 1,2-Hexanediol, Glyceryl Glucoside, Camellia Sinensis Leaf Extract, Tremella Fuciformis (Mushroom) Extract, Xanthan Gum, Caprylyl Glycol, Ethylhexylglycerin, Sorbitan Isostearate, Propanediol, Fragrance, Tocopheryl Acetate, Lavandula Angustifolia (Lavender) Extract, Rosmarinus Officinalis (Rosemary) Extract, Thymus Vulgaris (Thyme) Extract, Origanum Vulgare Flower/Leaf/Stem Extract, Madecassoside, Leucojum Aestivum Bulb Extract, Raspberry Seed Oil/Tocopheryl Succinate Aminopropanediol Esters, Hydrogenated Polyisobutene, Illicium Verum (Anise) Fruit Extract, Gossypium Herbaceum (Cotton) Seed Extract, Tremella Fuciformis Sporocarp Extract, Origanum Vulgare Leaf Extract, Salix Alba (Willow) Bark Extract, Chamaecyparis Obtusa Leaf Extract, Lactobacillus/Soybean Ferment Extract, Portulaca Oleracea Extract, Cinnamomum Cassia Bark Extract, Scutellaria Baicalensis Root Extract, Snail Secretion Filtrate, Citric Acid, Phenoxyethanol, Anemarrhena Asphodeloides Root Extract, Acetyl Hexapeptide-8, Copper Tripeptide-1, Palmitoyl Pentapeptide-4, Oligopeptide-1.",false,false,true,false,,Me eye cream anti-aging&brightening,me-eye-cream-anti-aging-brightening,"Revitalising eye cream reduces wrinkles, puffiness, and dark circles while improving firmness and elasticity. Promotes skin renewal for a smoother, more youthful look.","<p>Revitalising cream-booster reduces visual signs of ageing around the eyes and works on several fronts at once: significant reduction of fine lines and wrinkles and loss of skin elasticity, puffiness and dark circles. The bioactive formula accelerates natural cell renewal and increases collagen production. With prolonged use, wrinkles and skin creases become less visible, the skin looks younger, firmer and smoother.</p>","<p>Use as the last step in your skin care routine, take an appropriate amount and using your ring finger, gently massage the cream into your skin around the eye area.</p>","Keep out of reach of children. 
Do not swallow. 
Avoid direct contact with eyes.",Me eye cream anti-aging&brightening — YU.R Skin Solution,"Revitalising eye cream reduces wrinkles, puffiness, and dark circles while improving firmness and elasticity. Promotes skin renewal for a smoother, more youthfu",,,,,,,,,,,,,,,,,,,,,,,,,cream,madecassoside;acetyl-hexapeptide-8;copper-tripeptide-1;snail-secretion-filtrate;scutellaria-baicalensis-root-extract,,,
YUR-8809085105042,DRAFT,yur,Yu.R Me,8809085105042,0.00,,,120,,36,KR,3401300000,UNISEX,"Water, PEG-8, Myristic Acid, Stearic Acid, Glycerin, Polyquaternium-7, Potassium Hydroxide, Lauric Acid, Potassium Cocoate, PEG-40 Stearate, Glyceryl Stearate SE, Chlorphenesin, Fragrance, Aloe Barbadensis Leaf Juice, Kaolin, Tremella Fuciformis (Mushroom) Extract, Butylene Glycol, Lavandula Angustifolia (Lavender) Extract, Rosmarinus Officinalis (Rosemary) Extract, Thymus Vulgaris (Thyme) Extract, Origanum Vulgare Flower/Leaf/Stem Extract, Laminaria Japonica Extract, Rubus Idaeus (Raspberry) Fruit Extract, Rubus Fruticosus (Blackberry) Fruit Extract, Vaccinium Angustifolium (Blueberry) Fruit Extract, Phyllanthus Emblica Extract, Physalis Peruviana Fruit Extract, Vaccinium Myrtillus Fruit Extract, Vaccinium Macrocarpon (Cranberry) Fruit Extract, 1,2-Hexanediol, Origanum Vulgare Leaf Extract, Salix Alba (Willow) Bark Extract, Fucose, Chamaecyparis Obtusa Leaf Extract, Lactobacillus/Soybean Ferment Extract, Portulaca Oleracea Extract, Cinnamomum Cassia Bark Extract, Scutellaria Baicalensis Root Extract.",false,false,true,false,,Me cleansing foam moisturizing,me-cleansing-foam-moisturizing,"Moisturizing cleansing foam restores skin balance, deeply cleanses pores, and gently exfoliates for soft, comfortable skin.","<p>Moisturising wash foam restores the skin's optimal hydrolipidic balance and prevents transepidermal moisture loss. The foam dissolves black spots and effectively cleanses pores, releasing and gently exfoliating keratinised cells, returning softness and comfort to the skin.</p>","<p>Take an appropriate amount on the palm of your hand, add water, and make enough foam. Massage gently into skin. After sufficient cleansing, rinse thoroughly with lukewarm water.</p>","Keep out of reach of children. 
Do not swallow. 
Avoid direct contact with eyes.",Me cleansing foam moisturizing — YU.R Skin Solution,"Moisturizing cleansing foam restores skin balance, deeply cleanses pores, and gently exfoliates for soft, comfortable skin.",,,,,,,,,,,,,,,,,,,,,,,,,cleanser,aloe-barbadensis-leaf-juice;kaolin;tremella-fuciformis-extract;scutellaria-baicalensis-root-extract;lactobacillus-soybean-ferment-extract,,,
YUR-8809085104731,DRAFT,yur,Yu.R Me,8809085104731,0.00,,,50,,36,KR,3304991000,UNISEX,"Water, Glycerin, Butylene Glycol, Propanediol, Sodium Hyaluronate, Glyceryl Glucoside, Sodium Acrylic Acid/MA Copolymer, 1,2-Hexanediol, Camellia Sinensis Leaf Extract, Tremella Fuciformis (Mushroom) Extract, PEG-60 Hydrogenated Castor Oil, Caprylyl Glycol, Hydroxyethylcellulose, Carbomer, Tromethamine, Ethylhexylglycerin, Fragrance, Royal Jelly Extract, Tocopheryl Acetate, Silkworm Cocoon Extract, Saccharomyces/Rice Ferment Filtrate, Illicium Verum (Anise) Fruit Extract, Glycine, Bacillus/Soybean Ferment Extract, Lactobacillus/Soymilk Ferment Filtrate, Lactobacillus/Rye Flour Ferment, Lavandula Angustifolia (Lavender) Extract, Rosmarinus Officinalis (Rosemary) Extract, Thymus Vulgaris (Thyme) Extract, Origanum Vulgare Flower/Leaf/Stem Extract, Tremella Fuciformis Sporocarp Extract, Glutamic Acid, Lysine, Leucine, Methionine, Valine, Serine, Cysteine, Aspartic Acid, Alanine, Arginine, Origanum Vulgare Leaf Extract, Isoleucine, Tyrosine, Threonine, Phenylalanine, Proline, Salix Alba (Willow) Bark Extract, Histidine, Chamaecyparis Obtusa Leaf Extract, Niacinamide, Lactobacillus/Soybean Ferment Extract, Riboflavin, Portulaca Oleracea Extract, Cyanocobalamin, Cinnamomum Cassia Bark Extract, Thiamine HCl, Pantothenic Acid, Folic Acid, Pyridoxine, Scutellaria Baicalensis Root Extract.",false,false,true,false,,Me nutritive serum,me-nutritive-serum,"Active serum nourishes, strengthens the skin barrier, and restores a healthy, radiant complexion.","<p>An active serum concentrate designed to intensively nourish and revitalise the skin and stimulate its defence functions. The serum relieves irritations, eliminates flakiness, increases the skin's ability to retain moisture and improves its barrier function - the skin's ability to resist external stressors. The product has a protective effect aimed at preventing premature ageing and cell destruction. As a result of using the serum, the skin microrelief and colour are improved, its internal balance is restored, and the skin acquires a perfect appearance and radiance.</p>","<p>After using skin or lotion, gently spread on the cleanly ordered skin for absorption.</p>","Keep out of reach of children. 
Do not swallow. 
Avoid direct contact with eyes.",Me nutritive serum — YU.R Skin Solution,"Active serum nourishes, strengthens the skin barrier, and restores a healthy, radiant complexion.",,,,,,,,,,,,,,,,,,,,,,,,,serum,sodium-hyaluronate;niacinamide;royal-jelly-extract;saccharomyces-rice-ferment-filtrate;camellia-sinensis-leaf-extract,,,
YUR-8809085104748,DRAFT,yur,Yu.R Me,8809085104748,0.00,,,50,,36,KR,3304991000,UNISEX,"Water, Cyclopentasiloxane, Glycerin, Butylene Glycol, Cyclohexasiloxane, Dimethicone, Alcohol Denat., Glyceryl Glucoside, Sodium Chloride, Lauryl PEG-9 Polydimethylsiloxyethyl Dimethicone, Dipropylene Glycol, 1,2-Hexanediol, Hydroxyacetophenone, Fragrance, Lavandula Angustifolia (Lavender) Extract, Rosmarinus Officinalis (Rosemary) Extract, Thymus Vulgaris (Thyme) Extract, Origanum Vulgare Flower/Leaf/Stem Extract, Sodium Hyaluronate, Beta-Glucan, Selaginella Lepidophylla Extract, Cynara Scolymus (Artichoke) Extract, Sodium Hyaluronate Crosspolymer, Hydrolyzed Hyaluronic Acid, Hyaluronic Acid, Hydrolyzed Sodium Hyaluronate, Origanum Vulgare Leaf Extract, Salix Alba (Willow) Bark Extract, Chamaecyparis Obtusa Leaf Extract, Lactobacillus/Soybean Ferment Extract, Portulaca Oleracea Extract, Cinnamomum Cassia Bark Extract, Scutellaria Baicalensis Root Extract, Tocopherol.",false,false,true,false,,Me moisture essence,me-moisture-essence,"Hydro-essence instantly hydrates, soothes, and revitalizes tired, dehydrated skin. Restores comfort and leaves skin fresh and rested.","<p>Enriched hydro-essence instantly moisturises, revitalises skin after stress, soothes and tones irritated and dehydrated skin. Specially formulated to combat the visible signs of fatigue and lack of hydration, the formula instantly restores a sense of comfort and tone to tired skin. Skin is left looking fresh and rested.</p>","<p>After using skin or lotion, take an appropriate amount of it and lightly tap all over the face for absorption.</p>","Keep out of reach of children. 
Do not swallow. 
Avoid direct contact with eyes.",Me moisture essence — YU.R Skin Solution,"Hydro-essence instantly hydrates, soothes, and revitalizes tired, dehydrated skin. Restores comfort and leaves skin fresh and rested.",,,,,,,,,,,,,,,,,,,,,,,,,essence,sodium-hyaluronate;beta-glucan;hydrolyzed-hyaluronic-acid;sodium-hyaluronate-crosspolymer;scutellaria-baicalensis-root-extract,,,
YUR-8809085104755,DRAFT,yur,Yu.R Me,8809085104755,0.00,,,100,,36,KR,3304991000,UNISEX,"Water, Caprylic/Capric Triglyceride, Glycerin, Butylene Glycol, 1,2-Hexanediol, Propanediol, C13-15 Alkane, Alcohol Denat., Hydrogenated Polyisobutene, Glyceryl Glucoside, Erythritol, Acrylates/C10-30 Alkyl Acrylate Crosspolymer, Tromethamine, Caprylyl Glycol, Allantoin, Xanthan Gum, Fragrance, Lavandula Angustifolia (Lavender) Extract, Rosmarinus Officinalis (Rosemary) Extract, Thymus Vulgaris (Thyme) Extract, Origanum Vulgare Flower/Leaf/Stem Extract, Prunus Amygdalus Dulcis (Sweet Almond) Seed Extract, Euterpe Oleracea Fruit Extract, Illicium Verum (Anise) Fruit Extract, Moringa Oleifera Seed Oil, Origanum Vulgare Leaf Extract, Salix Alba (Willow) Bark Extract, Chamaecyparis Obtusa Leaf Extract, Anemarrhena Asphodeloides Root Extract, Ceramide NP, Hydrolyzed Collagen, Lactobacillus/Soybean Ferment Extract, Portulaca Oleracea Extract, Cinnamomum Cassia Bark Extract, Scutellaria Baicalensis Root Extract, Phytosphingosine, Hydrogenated Lecithin.",false,false,true,false,,Me anti-aging emulsion,me-anti-aging-emulsion,"Lightweight anti-aging emulsion nourishes, firms, and revitalizes tired skin. Improves elasticity and radiance while strengthening facial contours.","<p>The emulsion with a light, non-greasy texture provides depleted, toned skin with intensive nourishment and regeneration, restoring radiance and providing a comprehensive anti-ageing effect. The firming formula stimulates microcirculation, helping to actively saturate skin cells with nutrients and activate its natural defence potential. A complex of anti-ageing botanical extracts helps to improve skin elasticity and density, as well as to strengthen facial contours.</p>","<p>After using a skin or lotion, take an appropriate amount of it and pat lightly across the face along the skin for absorption.</p>","Keep out of reach of children. 
Do not swallow. 
Avoid direct contact with eyes.",Me anti-aging emulsion — YU.R Skin Solution,"Lightweight anti-aging emulsion nourishes, firms, and revitalizes tired skin. Improves elasticity and radiance while strengthening facial contours.",,,,,,,,,,,,,,,,,,,,,,,,,emulsion,ceramide-np;hydrolyzed-collagen;allantoin;scutellaria-baicalensis-root-extract;lactobacillus-soybean-ferment-extract,,,
YUR-8809085104762,DRAFT,yur,Yu.R Me,8809085104762,0.00,,,50,,36,KR,3304991000,UNISEX,"Water, Butylene Glycol, Butylene Glycol Dicaprylate/Dicaprate, Caprylic/Capric Triglyceride, Cetearyl Alcohol, Glycerin, Ceteareth-6 Olivate, Cetyl Ethylhexanoate, Stearic Acid, Hydroxyethyl Acrylate/Sodium Acryloyldimethyl Taurate Copolymer, Glyceryl Stearate SE, 1,2-Hexanediol, Glyceryl Glucoside, Camellia Sinensis Leaf Extract, Tremella Fuciformis (Mushroom) Extract, Xanthan Gum, Caprylyl Glycol, Ethylhexylglycerin, Sorbitan Isostearate, Propanediol, Fragrance, Tocopheryl Acetate, Lavandula Angustifolia (Lavender) Extract, Rosmarinus Officinalis (Rosemary) Extract, Thymus Vulgaris (Thyme) Extract, Origanum Vulgare Flower/Leaf/Stem Extract, Madecassoside, Leucojum Aestivum Bulb Extract, Raspberry Seed Oil/Tocopheryl Succinate Aminopropanediol Esters, Hydrogenated Polyisobutene, Illicium Verum (Anise) Fruit Extract, Gossypium Herbaceum (Cotton) Seed Extract, Tremella Fuciformis Sporocarp Extract, Origanum Vulgare Leaf Extract, Salix Alba (Willow) Bark Extract, Chamaecyparis Obtusa Leaf Extract, Lactobacillus/Soybean Ferment Extract, Portulaca Oleracea Extract, Cinnamomum Cassia Bark Extract, Scutellaria Baicalensis Root Extract, Snail Secretion Filtrate, Citric Acid, Phenoxyethanol, Anemarrhena Asphodeloides Root Extract, Acetyl Hexapeptide-8, Copper Tripeptide-1, Palmitoyl Pentapeptide-4, Oligopeptide-1.",false,false,true,false,,Me brightening&nutritive face cream,me-brightening-nutritive-face-cream,"Nourishing cream protects from environmental stress, hydrates, and soothes irritation for a smoother, more even complexion. Reduces wrinkles and leaves skin comfortable with a healthy glow.","<p>The active cream nourishes and protects the skin from aggressive environmental influences, eliminates dryness and irritation of the skin, relieves the feeling of tightness, levelling the skin tone and relief. Regular use of the cream helps to reduce the appearance of wrinkles, strengthen the skin, qualitative improvement of skin appearance and its healthy glow. The gentle texture of the cream is easily distributed on the skin, instantly absorbed and giving a feeling of absolute comfort.</p>","<p>After applying the basic skin care products, take an appropriate amount and gently spread over the entire face according to the skin texture for absorption.</p>","Keep out of reach of children. 
Do not swallow. 
Avoid direct contact with eyes.",Me brightening&nutritive face cream — YU.R Skin Solution,"Nourishing cream protects from environmental stress, hydrates, and soothes irritation for a smoother, more even complexion. Reduces wrinkles and leaves skin com",,,,,,,,,,,,,,,,,,,,,,,,,cream,madecassoside;snail-secretion-filtrate;acetyl-hexapeptide-8;copper-tripeptide-1;scutellaria-baicalensis-root-extract,,,
YUR-8809085105868,DRAFT,yur,Yu.R Me,8809085105868,0.00,,,,25,36,KR,3307904000,UNISEX,"Water, Glycerin, Butylene Glycol, Glyceryl Glucoside, Benzyl Glycol, Acrylates/C10-30 Alkyl Acrylate Crosspolymer, Xanthan Gum, Tromethamine, PEG-60 Hydrogenated Castor Oil, Ethylhexylglycerin, Caprylyl Glycol, 1,2-Hexanediol, Propanediol, Centella Asiatica Leaf Extract, Centella Asiatica Extract, Fragrance, Centella Asiatica Leaf Water, Illicium Verum (Anise) Fruit Extract, Hydrolyzed Hyaluronic Acid, Hydrolyzed Collagen Extract.",false,false,true,false,,Me centella mask,me-centella-mask,"Antioxidant Centella mask soothes irritation, reduces redness, and deeply hydrates while boosting collagen for healthier, more resilient skin.","<p>The mask has a powerful antioxidant effect: it helps neutralise cell damage caused by free radicals, rejuvenates, stimulates collagen production, moisturises, helps reduce visible signs of sensitivity - itching, burning, redness. The main active components of Centella asiatica have a soothing, healing effect, normalise vascular function.</p>","<p>Cleanse the skin beforehand. Open the mask package, carefully stick the mask on your face and smooth it so that it fits snugly on your skin. Leave it on for 15 minutes. Gently remove the mask, gently tap and spread the remaining serum until it is fully absorbed.</p>","Keep out of reach of children. 
Do not swallow. 
Avoid direct contact with eyes.",Me centella mask — YU.R Skin Solution,"Antioxidant Centella mask soothes irritation, reduces redness, and deeply hydrates while boosting collagen for healthier, more resilient skin.",,,,,,,,,,,,,,,,,,,,,,,,,sheet-mask,centella-asiatica-extract;hydrolyzed-hyaluronic-acid;hydrolyzed-collagen-extract;glyceryl-glucoside,,,
YUR-8809085105851,DRAFT,yur,Yu.R Me,8809085105851,0.00,,,,25,36,KR,3307904000,UNISEX,"Water, Glycerin, Butylene Glycol, Glyceryl Glucoside, Benzyl Glycol, Acrylates/C10-30 Alkyl Acrylate Crosspolymer, Xanthan Gum, Tromethamine, PEG-60 Hydrogenated Castor Oil, Ethylhexylglycerin, Caprylyl Glycol, 1,2-Hexanediol, Propanediol, Hippophae Rhamnoides Fruit Extract, Fragrance, Hippophae Rhamnoides Water, Illicium Verum (Anise) Fruit Extract, Magnesium Ascorbyl Phosphate, Hydrolyzed Hyaluronic Acid, Hydrolyzed Collagen Extract.",false,false,true,false,,Me vitamin C mask,me-vitamin-c-mask,"Vitamin C mask brightens, evens tone, and boosts collagen for a fresh, radiant complexion. Gentle enough for sensitive skin.","<p>The mild form of vitamin C included in the mask is suitable even for sensitive skin, is a powerful antioxidant, stimulates collagen synthesis, moisturises, reduces pigmentation, leaving the skin fresh and even toned.</p>","<p>Cleanse the skin beforehand. Open the mask package, carefully stick the mask on your face and smooth it so that it fits snugly on your skin. Leave it on for 15 minutes. Gently remove the mask, gently tap and spread the remaining serum until it is fully absorbed.</p>","Keep out of reach of children. 
Do not swallow. 
Avoid direct contact with eyes.",Me vitamin C mask — YU.R Skin Solution,"Vitamin C mask brightens, evens tone, and boosts collagen for a fresh, radiant complexion. Gentle enough for sensitive skin.",,,,,,,,,,,,,,,,,,,,,,,,,sheet-mask,magnesium-ascorbyl-phosphate;hippophae-rhamnoides-fruit-extract;hydrolyzed-hyaluronic-acid;hydrolyzed-collagen-extract;glyceryl-glucoside,,,
YUR-8809085105905,DRAFT,yur,Yu.R Me,8809085105905,0.00,,,,25,36,KR,3307904000,UNISEX,"Water, glycerin, butylene glycol, glyceryl glucoside, benzyl glycol, C10-30 alkyl acrylate crosspolymer, xanthan gum, tromethamine, PEG-60 hydrogenated castor oil, ethylhexyl glycerin, caprylyl glycol, 1,2-hexanediol, propanediol, fragrance, pearl extract, anise extract, pearl powder, hydrolyzed hyaluronic acid, hydrolyzed collagen extract.",false,false,true,false,,Me pearl and collagen mask,me-pearl-and-collagen-mask,"Brightening mask evens tone, boosts radiance, and restores freshness to dull skin. Enriched with pearl extract and collagen to smooth, firm, and revitalize the complexion.","<p>The mask evens out the tone, gives tone and color to dull skin, helping to preserve its freshness and youthfulness. Pearl extract smoothes the skin, brightens and stimulates metabolic processes. Collagen maintains firmness and elasticity. The skin looks radiant and rested.</p>","<p>Cleanse the skin beforehand. Open the mask package, carefully stick the mask on your face and smooth it so that it fits snugly on your skin. Leave it on for 15 minutes. Gently remove the mask, gently tap and spread the remaining serum until it is fully absorbed.</p>","Keep out of reach of children. 
Do not swallow. 
Avoid direct contact with eyes.",Me pearl and collagen mask — YU.R Skin Solution,"Brightening mask evens tone, boosts radiance, and restores freshness to dull skin. Enriched with pearl extract and collagen to smooth, firm, and revitalize the ",,,,,,,,,,,,,,,,,,,,,,,,,sheet-mask,pearl-powder;hydrolyzed-hyaluronic-acid;hydrolyzed-collagen-extract;glyceryl-glucoside,,,
YUR-8809085105882,DRAFT,yur,Yu.R Me,8809085105882,0.00,,,,25,36,KR,3307904000,UNISEX,"Water, glycerin, butylene glycol, glyceryl glucoside, benzyl glycol, C10-30 alkyl acrylate crosspolymer, xanthan gum, tromethamine, PEG-60 hydrogenated castor oil, ethylhexyl glycerin, caprylyl glycol, propanediol, 1, 2-hexanediol, fragrance, anise extract, sodium hyaluronate crosspolymer, hydrolyzed glycosaminoglycans, sodium hyaluronate, hydrolyzed hyaluronic acid, hydrolyzed collagen extract, hyaluronic acid.",false,false,true,false,,Me hyaluronic acid mask,me-hyaluronic-acid-mask,"Hydrating mask with hyaluronic acid deeply moisturizes, improves firmness, and leaves skin radiant and healthy-looking.",<p>The mask deeply saturates the skin with moisture and makes it much firmer and healthier. The ability of hyaluronic acid to attract and retain water molecules has the most beneficial effect on the overall condition of the facial epidermis. The skin is moisturized and radiant.</p>,"<p>Cleanse the skin beforehand. Open the mask package, carefully stick the mask on your face and smooth it so that it fits snugly on your skin. Leave it on for 15 minutes. Gently remove the mask, gently tap and spread the remaining serum until it is fully absorbed.</p>","Keep out of reach of children. 
Do not swallow. 
Avoid direct contact with eyes.",Me hyaluronic acid mask — YU.R Skin Solution,"Hydrating mask with hyaluronic acid deeply moisturizes, improves firmness, and leaves skin radiant and healthy-looking.",,,,,,,,,,,,,,,,,,,,,,,,,sheet-mask,sodium-hyaluronate;hydrolyzed-hyaluronic-acid;sodium-hyaluronate-crosspolymer;hydrolyzed-glycosaminoglycans;hydrolyzed-collagen-extract,,,
YUR-8809085105073,DRAFT,yur,Yu.R Me,8809085105073,0.00,,,,25,36,KR,3307904000,UNISEX,"Water, glycerin, butylene glycol, benzyl alcohol, glyceryl glucoside, acrylate crosspolymer, xanthan gum, tromethamine, hydrogenated castor oil, ethylhexylglycerin, caprylyl glycol, 1,2-hexanediol, propanediol, fragrance, anise extract, propylene glycol, Senegalese acacia bark extract, hydrolysed hyaluronic acid, hydrolysed collagen extract, plant amino acids, proline, hydroxyproline.",false,false,true,false,,Me collagen mask,me-collagen-mask,"Collagen sheet mask firms, hydrates, and smooths wrinkles for a more youthful, radiant complexion.","<p>Rejuvenating and stimulating face mask with collagen Yu.R Me Collagen Sheet Mask. This face mask with a high content of bioactive collagen regenerates the skin, increases its elasticity, reduces wrinkles and signs of ageing, and leaves the skin looking younger, fresher and more radiant.</p>","<p>Clean your skin before use. Open the mask packet, carefully place the mask on your face and smooth it out so that it fits snugly on your skin. Leave it on for 15 minutes. Carefully remove the mask, gently pat in the remaining serum and spread it until it is completely absorbed.</p>","Keep out of reach of children. 
Do not swallow. 
Avoid direct contact with eyes.",Me collagen mask — YU.R Skin Solution,"Collagen sheet mask firms, hydrates, and smooths wrinkles for a more youthful, radiant complexion.",,,,,,,,,,,,,,,,,,,,,,,,,sheet-mask,hydrolyzed-hyaluronic-acid;hydrolyzed-collagen;glyceryl-glucoside;plant-amino-acids;acacia-senegal-bark-extract,,,
